text;annotations
Faire chauffer un filet d’huile dans une poêle, émincer les oignons et les faire revenir doucement en remuant, ajouter ensuite les tomates concassées, saler et laisser mijoter à feu doux jusqu’à ce que la sauce épaississe.;"[{""start"": 6, ""end"": 15, ""label"": ""action"", ""text"": ""chauffer ""}, {""start"": 26, ""end"": 32, ""label"": ""ingr\u00e9dient"", ""text"": ""huile ""}]"
Préchauffer le four à 180 degrés, beurrer un plat, découper le poulet en morceaux et le disposer dedans, arroser d’huile et d’herbes aromatiques, puis enfourner et laisser cuire environ quarante minutes en surveillant la coloration.;"[{""start"": 3, ""end"": 12, ""label"": ""action"", ""text"": ""chauffer ""}, {""start"": 115, ""end"": 121, ""label"": ""ingr\u00e9dient"", ""text"": ""huile ""}, {""start"": 34, ""end"": 42, ""label"": ""action"", ""text"": ""beurrer ""}]"
Éplucher les carottes et les pommes de terre, couper les légumes en morceaux et les déposer dans une casserole, couvrir d’eau et porter à ébullition, ajouter du sel et réduire le feu, laisser mijoter jusqu’à ce que les légumes soient tendres avant d’égoutter et de servir.;"[{""start"": 57, ""end"": 65, ""label"": ""ingr\u00e9dient"", ""text"": ""l\u00e9gumes ""}, {""start"": 219, ""end"": 227, ""label"": ""ingr\u00e9dient"", ""text"": ""l\u00e9gumes ""}, {""start"": 29, ""end"": 44, ""label"": ""ingr\u00e9dient"", ""text"": ""pommes de terre""}]"
Mettre le beurre dans une casserole, le faire fondre doucement puis ajouter la farine et mélanger à l’aide d’un fouet pour obtenir un roux, verser le lait progressivement tout en remuant, faire épaissir la sauce à feu moyen, ajouter sel et poivre, retirer du feu, verser dans un bol et servir chaud avec un peu de fromage râpé par-dessus.;"[{""start"": 79, ""end"": 85, ""label"": ""ingr\u00e9dient"", ""text"": ""farine""}, {""start"": 140, ""end"": 147, ""label"": ""action"", ""text"": ""verser ""}, {""start"": 264, ""end"": 271, ""label"": ""action"", ""text"": ""verser ""}]"
Laver soigneusement les légumes sous l’eau froide, éplucher les carottes et les courgettes, couper tous les légumes sur une planche, faire chauffer un filet d’huile dans une grande cocotte, ajouter les légumes et remuer avec une cuillère en bois, couvrir avec un couvercle et laisser cuire à feu doux en remuant de temps en temps, vérifier la cuisson des légumes, ajuster l’assaisonnement puis servir directement dans des bols.;"[{""start"": 139, ""end"": 148, ""label"": ""action"", ""text"": ""chauffer ""}, {""start"": 159, ""end"": 165, ""label"": ""ingr\u00e9dient"", ""text"": ""huile ""}, {""start"": 24, ""end"": 32, ""label"": ""ingr\u00e9dient"", ""text"": ""l\u00e9gumes ""}, {""start"": 108, ""end"": 116, ""label"": ""ingr\u00e9dient"", ""text"": ""l\u00e9gumes ""}, {""start"": 202, ""end"": 210, ""label"": ""ingr\u00e9dient"", ""text"": ""l\u00e9gumes ""}]"
Verser le riz dans une casserole, couvrir d’eau et porter à ébullition puis baisser le feu et laisser cuire jusqu’à ce que l’eau soit absorbée et le riz tendre.;
Hacher finement l’ail et l’oignon, faire chauffer l’huile dans une poêle, ajouter les légumes et les faire revenir quelques minutes en remuant régulièrement avant d’incorporer les épices.;"[{""start"": 41, ""end"": 50, ""label"": ""action"", ""text"": ""chauffer ""}, {""start"": 52, ""end"": 58, ""label"": ""ingr\u00e9dient"", ""text"": ""huile ""}, {""start"": 86, ""end"": 94, ""label"": ""ingr\u00e9dient"", ""text"": ""l\u00e9gumes ""}]"
Préchauffer le four à 200 degrés, beurrer légèrement un plat, couper les pommes en tranches et les disposer dedans, saupoudrer de sucre et de cannelle, arroser avec un filet de beurre fondu, puis enfourner pendant trente minutes en surveillant la cuisson pour obtenir une belle coloration dorée.;"[{""start"": 3, ""end"": 12, ""label"": ""action"", ""text"": ""chauffer ""}, {""start"": 34, ""end"": 42, ""label"": ""action"", ""text"": ""beurrer ""}]"
Dans un grand saladier, mettre la farine, creuser un puits et y verser la levure diluée dans un peu d’eau tiède, ajouter le sel et commencer à pétrir à la main jusqu’à former une pâte homogène, laisser reposer la pâte dans un endroit chaud pendant une heure, ensuite fariner légèrement le plan de travail, étaler la pâte avec un rouleau, former des petits pains, les déposer sur une plaque et laisser lever encore quinze minutes avant d’enfourner jusqu’à ce que les pains soient bien dorés.;"[{""start"": 14, ""end"": 22, ""label"": ""ustensiles"", ""text"": ""saladier""}, {""start"": 34, ""end"": 40, ""label"": ""ingr\u00e9dient"", ""text"": ""farine""}, {""start"": 267, ""end"": 273, ""label"": ""ingr\u00e9dient"", ""text"": ""farine""}, {""start"": 64, ""end"": 71, ""label"": ""action"", ""text"": ""verser ""}]"
